{
  "brand_identity": {
    "name": "Droomvriendjes",
    "core_values": ["Trust", "Calm", "Safety", "Understanding"],
    "primary_color": "#2d5a3d",
    "secondary_color": "#3d7a4d",
    "background_color": "#f5f9f5",
    "typography": {
      "headings": "Quicksand, sans-serif",
      "body": "Inter, sans-serif"
    }
  },
  "global_rules": {
    "theme": "light",
    "spacing_scale": "generous",
    "border_radius": "rounded-xl",
    "shadows": "soft-diffuse",
    "accessibility": {
      "contrast_ratio": "AA",
      "reduced_motion": "respect"
    }
  },
  "pages": {
    "baby": {
      "path": "/ouders-baby",
      "concept": "The Cloud Nest",
      "target_audience": "Parents of babies (0-12m)",
      "emotional_tone": "Soft, Gentle, Safe, Dreamy",
      "accent_color": "#F5F5DC",
      "layout_strategy": "Soft curves, overlapping sections, large whitespace",
      "hero_section": {
        "style": "Centered, soft breathing animation",
        "image_url": "https://images.unsplash.com/photo-1504151806752-5b3af8e39e4e",
        "headline": "Slaap zacht, kleine dromer",
        "subheadline": "De veiligste slaapvriendjes voor de allerkleinsten."
      },
      "features_section": {
        "style": "Horizontal scroll with soft cards",
        "card_style": "rounded-[2rem] bg-white shadow-sm border-none"
      },
      "unique_elements": [
        "Cloud-shaped section dividers",
        "Soft fade-in animations",
        "Pastel green gradients"
      ]
    },
    "toddler": {
      "path": "/ouders-peuters",
      "concept": "The Bedtime Adventure",
      "target_audience": "Parents of toddlers (1-4y)",
      "emotional_tone": "Playful, Routine-focused, Reassuring",
      "accent_color": "#FDFD96",
      "layout_strategy": "Zig-zag flow, asymmetrical grid, playful positioning",
      "hero_section": {
        "style": "Split screen with floating elements",
        "image_url": "https://images.unsplash.com/photo-1509114859430-5f2c74177f4b",
        "headline": "Geen monsters meer onder het bed",
        "subheadline": "Maak van bedtijd een fijn avontuur."
      },
      "features_section": {
        "style": "Step-by-step routine timeline",
        "card_style": "rounded-lg border-2 border-dashed border-primary/20"
      },
      "unique_elements": [
        "Star and moon decorative icons",
        "Bouncing micro-interactions",
        "Yellow highlight accents"
      ]
    },
    "special_needs": {
      "path": "/ouders-extra-behoeften",
      "concept": "The Calm Anchor",
      "target_audience": "Parents of children with special needs",
      "emotional_tone": "Structured, Calm, Sensory-friendly, Deep",
      "accent_color": "#E6E6FA",
      "layout_strategy": "Bento Grid, clear hierarchy, predictable flow",
      "hero_section": {
        "style": "Full width, calm image with overlay",
        "image_url": "https://images.unsplash.com/photo-1657867138905-ced9816c6152",
        "headline": "Rust en regelmaat voor prikkelgevoelige kinderen",
        "subheadline": "Een veilige haven in een drukke wereld."
      },
      "features_section": {
        "style": "Grid of clear benefits with icons",
        "card_style": "rounded-md bg-white border border-gray-100 shadow-none"
      },
      "unique_elements": [
        "Muted color palette",
        "No sudden animations",
        "Clear, linear navigation"
      ]
    }
  },
  "components": {
    "buttons": {
      "primary": "bg-[#2d5a3d] hover:bg-[#3d7a4d] text-white rounded-full px-8 py-6 text-lg font-bold shadow-lg hover:shadow-xl transition-all duration-300",
      "secondary": "bg-white text-[#2d5a3d] border-2 border-[#2d5a3d] rounded-full px-8 py-6 text-lg font-bold hover:bg-[#f5f9f5] transition-all duration-300"
    },
    "cards": {
      "base": "bg-white rounded-xl p-6 shadow-sm hover:shadow-md transition-shadow duration-300",
      "baby": "rounded-[2rem] border-none shadow-[0_10px_40px_-10px_rgba(45,90,61,0.1)]",
      "toddler": "rounded-2xl border-b-4 border-[#2d5a3d]",
      "special_needs": "rounded-lg border border-gray-200 shadow-none hover:border-[#2d5a3d]"
    }
  },
  "assets": {
    "images": {
      "product_placeholder": "https://images.unsplash.com/photo-1620217530788-b632347b59c2",
      "baby_hero": "https://images.unsplash.com/photo-1504151806752-5b3af8e39e4e",
      "toddler_hero": "https://images.unsplash.com/photo-1509114859430-5f2c74177f4b",
      "special_needs_hero": "https://images.unsplash.com/photo-1657867138905-ced9816c6152"
    }
  },
  "instructions_to_main_agent": [
    "Use the 'Quicksand' font for all headings. Import it from Google Fonts.",
    "Ensure the primary green (#2d5a3d) is the dominant brand color, but use the accent colors to differentiate the pages.",
    "For the Baby page, use generous padding (py-24, py-32) and rounded corners (rounded-3xl).",
    "For the Toddler page, use playful layouts (zig-zag) and slightly more vibrant interactions.",
    "For the Special Needs page, prioritize clarity and structure. Avoid excessive motion.",
    "Use the provided image URLs for the hero sections.",
    "Mock the product data using the provided placeholder image if mockData.js is not sufficient.",
    "Ensure all pages are fully responsive and mobile-first."
  ],
  "UNIVERSAL_GUIDELINES_FOR_MAIN_AGENT": [
    "You tend to converge toward generic, 'on distribution' outputs. In frontend design, this creates what users call the 'AI slop' aesthetic. Avoid this: make creative, distinctive frontends that surprise and delight.",
    "Dark colors look good when used independently without gradients. DO NOT use dark colors as gradients",
    "Don't make generic centered layouts, simplistic gradients, and uniform styling.",
    "Create depth through layered design elements with z-index hierarchy",
    "Use glass-morphism effects with backdrop filters (12-24px blur)",
    "You MUST NOT apply universal transition. Eg: transition: all. This results in breaking transforms. Always add transitions for specific interactive elements like button, input excluding transforms",
    "You MUST NOT center align the app container, ie do not add .App { text-align: center; } in the css file. This disrupts the human natural reading flow of text",
    "Always use modern button styles like pill-shaped, or sharp button with interaction animations & color relevant to the app style",
    "NEVER: use AI assistant Emoji characters like 🤖🧠💭💡🔮🎯📚🎭🎬🎪🎉🎊🎁🎀🎂🍰🎈🎨🎰💰💵💳🏦💎🪙💸🤑📊📈📉💹🔢🏆🥇 etc for icons.",
    "Every interaction needs micro-animations - hover states, transitions, parallax effects, and entrance animations. Static = dead.",
    "Use 2-3x more spacing than feels comfortable. Cramped designs look cheap.",
    "Subtle grain textures, noise overlays, custom cursors, selection states, and loading animations: separates good from extraordinary.",
    "Main agent relies on these image URLs. Missing categories (especially sponsor logos) = main agent will use placeholder text which is FORBIDDEN",
    "Prioritize using pre-existing components from src/components/ui when applicable",
    "Create new components that match the style and conventions of existing components when needed",
    "Examine existing components to understand the project's component patterns before creating new ones",
    "Components MUST use named exports (export const ComponentName = ...)",
    "Pages MUST use default exports (export default function PageName() {...})",
    "Use sonner for toasts",
    "Sonner component are located in /app/src/components/ui/sonner.tsx"
  ]
}