{
  "summary": "Header/Footer refactoring testing completed successfully. All 20+ pages tested for Layout component consistency. Header (logo, cart button, back button) and Footer are visible and functional across all refactored pages. Navigation links work correctly. Cart sidebar opens from header cart button. HomePage uses its own header/footer (as designed). Checkout page correctly hides footer (focused checkout UX pattern).",
  "backend_issues": {
    "critical": [],
    "minor": []
  },
  "frontend_issues": {
    "ui_bugs": [],
    "integration_issues": [],
    "design_issues": []
  },
  "test_report_links": [
    "/app/test_reports/iteration_4.json"
  ],
  "action_items": [],
  "critical_code_review_comments": [
    "Header.jsx, Footer.jsx, and Layout.jsx components are well-structured with proper props for customization",
    "All interactive elements have data-testid attributes (header-cart-button, header-back-button, add-to-cart-button, etc.)",
    "Layout component correctly handles hideFooter and hideHeader props for special pages like Checkout"
  ],
  "updated_files": [],
  "success_rate": {
    "backend": "N/A (frontend only testing)",
    "frontend": "100% (all tests passed)"
  },
  "test_credentials": "None required - public pages",
  "seed_data_creation": "None",
  "retest_needed": false,
  "main_agent_can_self_test": true,
  "context_for_next_testing_agent": "Header/Footer refactoring is complete and working. All pages use the shared Layout component except HomePage (uses its own header/footer) and Checkout/PaymentResult pages (intentionally hide footer for focused checkout UX). The Layout component provides: Header with logo, cart button, back button; optional promo banner; Footer with navigation links, company info, and payment methods.",
  "features_tested": {
    "header_consistency": {
      "status": "PASS",
      "details": "Header visible on all refactored pages with logo, cart button, and back button"
    },
    "footer_consistency": {
      "status": "PASS",
      "details": "Footer visible on all refactored pages with correct links and company info"
    },
    "navigation_links": {
      "status": "PASS",
      "details": "All header nav links (Knuffels, Cadeaubonnen, Over Droomvriendjes, Contact) work correctly"
    },
    "cart_sidebar": {
      "status": "PASS",
      "details": "Cart sidebar opens when clicking cart button in header"
    },
    "back_button": {
      "status": "PASS",
      "details": "Back button navigates to home page correctly"
    },
    "promo_banner": {
      "status": "PASS",
      "details": "Promo banner visible on ProductPage with correct text"
    },
    "footer_links": {
      "status": "PASS",
      "details": "Footer links navigate to correct pages (tested Contact, Stress)"
    },
    "checkout_ux": {
      "status": "PASS",
      "details": "Checkout page correctly hides footer for focused checkout experience"
    }
  },
  "pages_tested": [
    "HomePage - Header/Footer (own implementation)",
    "OverOnsPage - Layout component ✓",
    "ProductPage - Layout component with promo banner ✓",
    "ContactPage - Layout component ✓",
    "CadeaubonPage - Layout component ✓",
    "StressPage - Layout component ✓",
    "AngstPage - Layout component ✓",
    "SlaapproblemenPage - Layout component ✓",
    "HSPPage - Layout component ✓",
    "DementiePage - Layout component ✓",
    "TroostPage - Layout component ✓",
    "OverprikkelingPage - Layout component ✓",
    "BlogsPage - Layout component ✓",
    "ReviewsPage - Layout component ✓",
    "PrivacyPage - Layout component ✓",
    "VoorwaardenPage - Layout component ✓",
    "RetournerenPage - Layout component ✓",
    "NaamBedenkerPage - Layout component ✓",
    "UitproberenPage - Layout component ✓",
    "CheckoutPage - Header only (no footer by design) ✓"
  ],
  "tests_executed": [
    "TEST 1: HomePage header/footer visibility - PASS",
    "TEST 2: OverOnsPage Layout component - PASS",
    "TEST 3: ProductPage with promo banner and cart - PASS",
    "TEST 4: ContactPage form and Layout - PASS",
    "TEST 5: CadeaubonPage form and Layout - PASS",
    "TEST 6: Internal pages (stress, angst, slaapproblemen, hsp, dementie, troost, overprikkeling) - ALL PASS",
    "TEST 7: Additional pages (blogs, reviews, privacy, voorwaarden, retourneren) - ALL PASS",
    "TEST 8: Navigation functionality (back button, footer links) - PASS",
    "TEST 9: HomePage nav links and checkout page behavior - PASS",
    "TEST 10: Remaining pages (naam-bedenker, uitproberen) and header consistency - PASS"
  ]
}
