{
  "summary": "Email notification system testing completed successfully. All 3 email notification features working: Contact form, Checkout-started, and Order notifications. Backend APIs tested with 11/12 tests passing. Frontend integration verified for Contact page and Cart sidebar with email validation.",
  "backend_issues": {
    "critical": [],
    "minor": [
      {
        "endpoint": "/api/orders/{invalid_id}",
        "issue": "Returns 500/520 instead of 404 for invalid ObjectId format",
        "priority": "LOW"
      },
      {
        "endpoint": "/api/payment-methods",
        "issue": "Mollie API error: 'Method' object has no attribute 'image' - falls back to default methods",
        "priority": "LOW"
      }
    ]
  },
  "frontend_issues": {
    "ui_bugs": [],
    "integration_issues": [],
    "design_issues": []
  },
  "test_report_links": [
    "/app/tests/test_email_notifications.py",
    "/app/test_reports/pytest/pytest_results.xml"
  ],
  "action_items": [
    "OPTIONAL: Remove duplicate endpoint definitions in server.py (lines 983-1035 duplicate lines 633-698)"
  ],
  "critical_code_review_comments": [
    "Duplicate endpoint definitions found: /api/contact defined at lines 633 and 983, /api/checkout-started defined at lines 666 and 1010. FastAPI uses last definition but this is confusing code.",
    "Email sending is synchronous (blocking) - consider using background tasks for better performance"
  ],
  "updated_files": [
    "/app/tests/test_email_notifications.py"
  ],
  "success_rate": {
    "backend": "92% (11/12 tests passed)",
    "frontend": "100% (all flows working)"
  },
  "test_credentials": "None required - public endpoints",
  "seed_data_creation": "Test contact forms and checkout events created in MongoDB",
  "retest_needed": false,
  "main_agent_can_self_test": true,
  "context_for_next_testing_agent": "Email notification system fully functional. SMTP configured for TransIP (info@droomvriendjes.nl). All 3 notification types working: 1) Contact form -> owner email with Reply-To, 2) Checkout-started -> owner email with cart items, 3) Order events (placed/success/fail) -> owner email. Frontend CartSidebar has email validation before checkout. ContactPage form submits to API and shows success toast.",
  "features_tested": {
    "contact_form_api": {
      "status": "PASS",
      "details": "POST /api/contact sends email to info@droomvriendjes.nl with Reply-To set to customer email"
    },
    "checkout_started_api": {
      "status": "PASS",
      "details": "POST /api/checkout-started sends email with cart items and customer email to owner"
    },
    "order_notification_api": {
      "status": "PASS",
      "details": "POST /api/orders sends 'order_placed' notification to owner"
    },
    "cart_sidebar_email_validation": {
      "status": "PASS",
      "details": "Email field is required before checkout. Shows 'Vul je e-mailadres in' error if empty"
    },
    "contact_page_form": {
      "status": "PASS",
      "details": "Form submits to API and shows success toast 'Bericht verzonden!'"
    },
    "checkout_flow": {
      "status": "PASS",
      "details": "After email validation, navigates to /checkout page with payment methods"
    }
  },
  "tests_executed": [
    "Backend: test_contact_form_success - PASS",
    "Backend: test_contact_form_required_fields - PASS",
    "Backend: test_contact_form_invalid_email - PASS",
    "Backend: test_checkout_started_success - PASS",
    "Backend: test_checkout_started_without_session_id - PASS",
    "Backend: test_checkout_started_empty_cart - PASS",
    "Backend: test_checkout_started_missing_email - PASS",
    "Backend: test_create_order_success - PASS",
    "Backend: test_get_order_by_id - PASS",
    "Backend: test_get_nonexistent_order - FAIL (returns 520 instead of 404)",
    "Backend: test_get_payment_methods - PASS",
    "Backend: test_api_root - PASS",
    "Frontend: Contact page form submission - PASS",
    "Frontend: Cart sidebar email validation - PASS",
    "Frontend: Checkout navigation after email - PASS"
  ],
  "email_logs_verified": [
    "✅ EMAIL SENT: To=info@droomvriendjes.nl, Subject=📬 Nieuw contactformulier: Frontend Test",
    "✅ EMAIL SENT: To=info@droomvriendjes.nl, Subject=🛒 Checkout gestart - test.cart@example.com",
    "✅ EMAIL SENT: To=info@droomvriendjes.nl, Subject=📦 Nieuwe Bestelling - #A5AFC1B3"
  ]
}
