{
  "summary": "Completed comprehensive testing of Droomvriendjes e-commerce website. All core features working correctly: Homepage, products, cart, checkout, and Mollie payment integration.",
  "backend_issues": {
    "critical": [],
    "minor": [
      {
        "endpoint": "/api/payment-methods",
        "issue": "Error in logs: 'Method' object has no attribute 'image' - but endpoint returns fallback data correctly"
      }
    ]
  },
  "frontend_issues": {
    "ui_bugs": [],
    "integration_issues": [],
    "design_issues": []
  },
  "test_report_links": [
    "/app/tests/test_droomvriendjes_api.py",
    "/app/test_reports/pytest/pytest_results.xml"
  ],
  "action_items": [],
  "critical_code_review_comments": [
    "Minor: server.py line 343 - Mollie method.image access fails, but fallback works. Consider updating to use method.image.get('svg', '') with proper error handling"
  ],
  "updated_files": [
    "/app/tests/test_droomvriendjes_api.py"
  ],
  "success_rate": {
    "backend": "100% (11/11 tests passed)",
    "frontend": "100% (all UI tests passed)"
  },
  "test_credentials": "None required - public endpoints",
  "seed_data_creation": "Test orders created during API testing",
  "retest_needed": false,
  "main_agent_can_self_test": true,
  "context_for_next_testing_agent": "All features tested and working. Backend APIs: /api/, /api/orders, /api/payments/create, /api/payment-methods all functional. Mollie integration working with test key. Frontend: Homepage, cart sidebar, checkout page all working. SEO meta tags present. Mobile responsive. No 'Emergent' or 'OujiKidz' text visible. Logo is 🧸 emoji as expected.",
  "features_tested": {
    "homepage": {
      "status": "PASS",
      "details": "Hero section, products grid, trust badges, FAQ, footer all loading correctly"
    },
    "logo": {
      "status": "PASS",
      "details": "🧸 emoji displayed correctly, no moon/globe icon"
    },
    "branding": {
      "status": "PASS",
      "details": "No 'Emergent' or 'OujiKidz' text visible anywhere"
    },
    "cart_functionality": {
      "status": "PASS",
      "details": "Add to cart, quantity update, remove, sidebar all working"
    },
    "checkout_page": {
      "status": "PASS",
      "details": "Form fields, payment method selection (iDEAL, Creditcard, PayPal, Bancontact) all present"
    },
    "api_orders": {
      "status": "PASS",
      "details": "POST /api/orders creates orders successfully"
    },
    "api_payments": {
      "status": "PASS",
      "details": "POST /api/payments/create returns valid Mollie checkout URL"
    },
    "api_payment_methods": {
      "status": "PASS",
      "details": "GET /api/payment-methods returns iDEAL, creditcard, paypal, klarna"
    },
    "footer": {
      "status": "PASS",
      "details": "Company details (Droomvriendjes, SCHAESBERGERWEG 103, 6415 AD Heerlen, KVK: 9921083), payment methods all present"
    },
    "mobile_view": {
      "status": "PASS",
      "details": "Responsive design working on 390x844 viewport"
    },
    "seo_meta_tags": {
      "status": "PASS",
      "details": "Title, description, keywords, Open Graph, Twitter cards all present in index.html"
    },
    "products_count": {
      "status": "PASS",
      "details": "11 products in mockData.js including Panda (id: 11)"
    }
  }
}
