{
  "summary": "Admin Dashboard testing completed successfully. All backend APIs and frontend UI features working correctly. Login flow, protected routes, dashboard data display, funnel analytics, and logout functionality all verified.",
  "backend_issues": {
    "critical": [],
    "minor": []
  },
  "frontend_issues": {
    "ui_bugs": [],
    "integration_issues": [],
    "design_issues": []
  },
  "test_report_links": [
    "/app/tests/test_admin_dashboard.py",
    "/app/test_reports/pytest/admin_dashboard_results.xml"
  ],
  "action_items": [],
  "critical_code_review_comments": [
    "Admin authentication uses JWT-style bearer tokens stored in localStorage - secure implementation",
    "All admin routes properly protected with ProtectedAdminRoute component",
    "Dashboard API returns comprehensive data: stats, funnel, popular_products, abandoned_carts, recent_orders, top_customers",
    "Dutch language (Inloggen, Gebruikersnaam, Wachtwoord, Uitloggen) correctly implemented in UI",
    "All interactive elements have data-testid attributes for testing",
    "Error handling displays user-friendly Dutch error messages"
  ],
  "updated_files": [
    "/app/tests/test_admin_dashboard.py"
  ],
  "success_rate": {
    "backend": "100% (14/14 tests passed)",
    "frontend": "100% (all UI tests passed)"
  },
  "test_credentials": {
    "admin_username": "admin",
    "admin_password": "Droomvriendjes2024!"
  },
  "seed_data_creation": "None - used existing data in MongoDB",
  "retest_needed": false,
  "main_agent_can_self_test": true,
  "context_for_next_testing_agent": "Admin dashboard is fully functional. Backend APIs: /api/admin/login (POST), /api/admin/verify (GET), /api/admin/dashboard (GET), /api/admin/orders (GET). All require Bearer token authentication except login. Frontend uses AdminAuthContext for state management and ProtectedAdminRoute for route protection.",
  "features_tested": {
    "admin_login_api": {
      "status": "PASS",
      "details": "POST /api/admin/login returns token on success, 401 on invalid credentials"
    },
    "admin_verify_api": {
      "status": "PASS",
      "details": "GET /api/admin/verify validates token and returns admin info"
    },
    "admin_dashboard_api": {
      "status": "PASS",
      "details": "GET /api/admin/dashboard returns stats, funnel, popular_products, abandoned_carts, recent_orders, top_customers"
    },
    "admin_orders_api": {
      "status": "PASS",
      "details": "GET /api/admin/orders returns list of all orders with count"
    },
    "protected_routes": {
      "status": "PASS",
      "details": "Unauthenticated access to /admin, /admin/dashboard, /admin/orders redirects to /admin/login"
    },
    "login_ui": {
      "status": "PASS",
      "details": "Login form with username/password fields, Dutch labels, error message display"
    },
    "dashboard_ui": {
      "status": "PASS",
      "details": "Stats cards (revenue, orders, customers, conversion), funnel visualization, recent orders, popular products, abandoned carts, top customers all displayed"
    },
    "funnel_visualization": {
      "status": "PASS",
      "details": "Shows checkout_started, orders_created, payments_completed with drop-off rates"
    },
    "logout_functionality": {
      "status": "PASS",
      "details": "Logout button clears token and redirects to login page"
    },
    "navigation_to_orders": {
      "status": "PASS",
      "details": "Orders link navigates to /admin/orders page"
    },
    "login_error_handling": {
      "status": "PASS",
      "details": "Wrong credentials show Dutch error message 'Ongeldige gebruikersnaam of wachtwoord'"
    }
  },
  "tests_executed": [
    "Backend: test_admin_login_success - PASS",
    "Backend: test_admin_login_wrong_password - PASS",
    "Backend: test_admin_login_wrong_username - PASS",
    "Backend: test_admin_login_empty_credentials - PASS",
    "Backend: test_verify_valid_token - PASS",
    "Backend: test_verify_invalid_token - PASS",
    "Backend: test_verify_no_token - PASS",
    "Backend: test_dashboard_with_valid_token - PASS",
    "Backend: test_dashboard_without_token - PASS",
    "Backend: test_dashboard_with_invalid_token - PASS",
    "Backend: test_dashboard_stats_data_types - PASS",
    "Backend: test_get_admin_orders - PASS",
    "Backend: test_dashboard_protected - PASS",
    "Backend: test_verify_protected - PASS",
    "Frontend: Login page loads with Dutch labels - PASS",
    "Frontend: Login with correct credentials navigates to dashboard - PASS",
    "Frontend: Dashboard displays all stats cards - PASS",
    "Frontend: Funnel analytics card visible with all steps - PASS",
    "Frontend: Recent orders, popular products, abandoned carts, top customers cards visible - PASS",
    "Frontend: Navigation to orders page works - PASS",
    "Frontend: Logout redirects to login page - PASS",
    "Frontend: Protected routes redirect to login when unauthenticated - PASS",
    "Frontend: Login error message displayed for wrong credentials - PASS"
  ]
}
