{
  "summary": "Product slider (Swiper.js) testing completed successfully. All slider features working: navigation arrows, autoplay (4s delay), pagination dots, responsive breakpoints, product badges, add to cart buttons, and product link navigation.",
  "backend_issues": {
    "critical": [],
    "minor": []
  },
  "frontend_issues": {
    "ui_bugs": [],
    "integration_issues": [],
    "design_issues": []
  },
  "test_report_links": [
    "/app/test_reports/iteration_5.json"
  ],
  "action_items": [],
  "critical_code_review_comments": [
    "Swiper.js implementation is well-structured with proper modules (Navigation, Pagination, Autoplay)",
    "All interactive elements have data-testid attributes for testing",
    "Responsive breakpoints correctly configured: 1 item (mobile), 2 items (640px), 3 items (1024px), 4 items (1280px)",
    "Product badges use gradient backgrounds with proper color coding per badge type"
  ],
  "updated_files": [],
  "success_rate": {
    "backend": "N/A (frontend only testing)",
    "frontend": "100% (all tests passed)"
  },
  "test_credentials": "None required - public pages",
  "seed_data_creation": "None",
  "retest_needed": false,
  "main_agent_can_self_test": true,
  "context_for_next_testing_agent": "Product slider is fully functional with Swiper.js v12.0.3. All 10 products display correctly with badges (BESTSELLER, NIEUW, POPULAIR, VOORDEELSET). Navigation, autoplay, pagination, and add-to-cart all working. Product data comes from mockData.js (MOCKED - no backend API).",
  "features_tested": {
    "slider_navigation_arrows": {
      "status": "PASS",
      "details": "Left/right navigation buttons work correctly, slider moves to next/previous slides"
    },
    "slider_autoplay": {
      "status": "PASS",
      "details": "Autoplay works with 4 second delay, pauses on mouse hover"
    },
    "slider_pagination_dots": {
      "status": "PASS",
      "details": "10 pagination bullets visible, clickable, active bullet highlighted with purple color"
    },
    "slider_responsiveness": {
      "status": "PASS",
      "details": "Desktop: 4 items, Tablet (768px): 2 items, Mobile (390px): 1 item"
    },
    "add_to_cart_buttons": {
      "status": "PASS",
      "details": "All 10 products have 'In Winkelmandje' buttons that add products to cart and open cart sidebar"
    },
    "product_link_navigation": {
      "status": "PASS",
      "details": "Clicking product title navigates to /product/{id} page with full product details"
    },
    "product_badges": {
      "status": "PASS",
      "details": "All badge types displayed correctly: BESTSELLER (amber/orange), NIEUW (green), POPULAIR (blue), VOORDEELSET (purple/pink)"
    },
    "product_pricing": {
      "status": "PASS",
      "details": "Regular prices and sale prices (with strikethrough original) display correctly"
    }
  },
  "tests_executed": [
    "TEST 1: Slider initial load - PASS (slider visible with 4 products on desktop)",
    "TEST 2: Navigation Next button - PASS (slider moves to next slide)",
    "TEST 3: Navigation Previous button - PASS (slider moves to previous slide)",
    "TEST 4: Add to Cart button - PASS (product added to cart, cart sidebar opens)",
    "TEST 5: Product title link - PASS (navigates to /product/1)",
    "TEST 6: Mobile responsiveness (390px) - PASS (1 item per slide)",
    "TEST 7: Tablet responsiveness (768px) - PASS (2 items per slide)",
    "TEST 8: Autoplay functionality - PASS (slide changed after 5 seconds)",
    "TEST 9: Pagination dots - PASS (10 bullets, clickable, changes slide)",
    "TEST 10: Product badges - PASS (all 4 badge types found: BESTSELLER, NIEUW, POPULAIR, VOORDEELSET)"
  ],
  "mocked_data_note": "Product data is MOCKED from /app/frontend/src/mockData.js - no backend API calls for products"
}
