{
  "summary": "All 3 reported issues have been successfully fixed and verified. Comprehensive frontend testing completed for Droomvriendjes e-commerce website.",
  "backend_issues": {
    "critical": [],
    "minor": []
  },
  "frontend_issues": {
    "ui_bugs": [],
    "integration_issues": [],
    "design_issues": []
  },
  "test_report_links": [
    "/app/test_reports/iteration_2.json"
  ],
  "action_items": [],
  "critical_code_review_comments": [],
  "updated_files": [],
  "success_rate": {
    "backend": "N/A (frontend only testing)",
    "frontend": "100% (8/8 tests passed)"
  },
  "test_credentials": "None required - public endpoints",
  "seed_data_creation": "None",
  "retest_needed": false,
  "main_agent_can_self_test": true,
  "context_for_next_testing_agent": "All 3 reported issues verified as fixed: 1) Product reviews are now filtered per product using shortName, 2) Scroll to top works on product page navigation via useEffect with scrollTo(0,0), 3) Both 'In Winkelwagen' and 'Direct Bestellen' buttons work correctly. Cart sidebar also works on ProductPage with correct ShoppingCart icon in header.",
  "features_tested": {
    "issue_1_product_reviews": {
      "status": "PASS",
      "details": "Reviews are correctly filtered per product. Tested on Leeuw (id=1), Eenhoorn (id=9), and Panda (id=11). Each product shows only its own reviews based on shortName matching."
    },
    "issue_2_scroll_to_top": {
      "status": "PASS",
      "details": "Page scrolls to top (scrollY=0) when navigating to product page. Tested via 'Bekijk Details' from HomePage and 'Bekijk Product' from related products section."
    },
    "issue_3_in_winkelwagen_button": {
      "status": "PASS",
      "details": "'In Winkelwagen' button works on both HomePage and ProductPage. Adds product to cart and opens cart sidebar."
    },
    "issue_3_direct_bestellen_button": {
      "status": "PASS",
      "details": "'Direct Bestellen' button adds product to cart and navigates to /checkout page."
    },
    "cart_sidebar_on_product_page": {
      "status": "PASS",
      "details": "Cart sidebar works correctly on ProductPage with ShoppingCart icon in header showing item count badge."
    },
    "navigation_between_products": {
      "status": "PASS",
      "details": "Navigation between products via 'Bekijk Product' button works correctly with scroll to top."
    },
    "cart_icon_in_header": {
      "status": "PASS",
      "details": "ShoppingCart icon present in ProductPage header with correct item count badge."
    },
    "checkout_integration": {
      "status": "PASS",
      "details": "Checkout page loads correctly with product in cart after 'Direct Bestellen' click."
    }
  },
  "tests_executed": [
    "Test 1: In Winkelwagen button on HomePage - PASS",
    "Test 2: Scroll to top and product-specific reviews for Leeuw - PASS",
    "Test 3: In Winkelwagen button on ProductPage - PASS",
    "Test 4: Direct Bestellen button navigation to checkout - PASS",
    "Test 5: Product-specific reviews for Eenhoorn (id=9) - PASS",
    "Test 6: Product-specific reviews for Panda (id=11) and scroll to top - PASS",
    "Test 7: Navigation between products via 'Bekijk Product' button - PASS",
    "Test 8: Cart icon in header on ProductPage - PASS"
  ]
}
